city,platform,post_link,issue_type,bucket,date_hint,snippet
Hyderabad,Reddit,[Religious discrimination for renting?](https://www.reddit.com/r/hyderabad/comments/1n5qbnq/religious_discrimination_for_renting/),Religious discrimination,Religion-based discrimination,Recent (2025),OP says landlord openly refused to rent due to religion.
Hyderabad,Reddit,[Finding flats for bachelors is getting horrible](https://www.reddit.com/r/hyderabad/comments/12ogwfu/finding_flats_for_bachelors_is_getting_horrible/),No bachelors / bias,Marital/Status bias ('No bachelors'),2023,Multiple societies 'slam the door' citing families-only.
Hyderabad,Reddit,[Rent issues](https://www.reddit.com/r/hyderabad/comments/1mlts7u/rent_issues/),Sudden rent hike,Unfair rent hikes,2025,Tenant reports landlord increased rent beyond contract.
Hyderabad,Reddit,[Flat owner refused to return security deposit (Hyderabad)](https://www.reddit.com/r/LegalAdviceIndia/comments/14z7uwq/flat_owner_refused_to_return_security_deposit/),Deposit withheld,Deposit disputes,2023,"OP: owner avoiding calls, not returning deposit."
Hyderabad,Reddit,[Why are people so hesitant in giving flats to bachelors?](https://www.reddit.com/r/hyderabad/comments/r6h3mh/why_are_people_so_hesitant_in_giving_flats_to/),No bachelors / bias,Marital/Status bias ('No bachelors'),2021,OP: most good societies don't allow bachelors.
Hyderabad,Reddit,[Why don't societies in Hyderabad allow bachelors](https://www.reddit.com/r/hyderabad/comments/vvnirb/why_dont_societies_in_hyderabad_allow_bachelors/),No bachelors / bias,Marital/Status bias ('No bachelors'),2022,OP found one that allows a cat after many refusals.
Hyderabad,Reddit,[Renting options for bachelors](https://www.reddit.com/r/hyderabad/comments/bhbbab/renting_options_for_bachelors/),No bachelors / bias,Marital/Status bias ('No bachelors'),2018,Bachelors face difficulty finding private rentals.
Bengaluru,Reddit,[A Disheartening Experience with Housing Discrimination](https://www.reddit.com/r/bangalore/comments/1g87f5n/a_disheartening_experience_with_housing/),Religious discrimination,Religion-based discrimination,2024,OP denied due to faith while house-hunting.
Bengaluru,Reddit,[Denied Flat because of a muslim friend](https://www.reddit.com/r/bangalore/comments/15zwpw6/denied_flat_because_of_a_muslim_friend/),Association-based discrimination,Other,2023,OP says denial linked to friend's religion.
Bengaluru,Reddit,[Why Bachelor tenants are not preferred?](https://www.reddit.com/r/bangalore/comments/1i0kym9/why_bachelor_tenants_are_not_preferred/),No bachelors / bias,Marital/Status bias ('No bachelors'),2024,Thread full of landlords stating 'bachelors dirty' etc.
Bengaluru,Reddit,[Weird landlord demands (no non-veg etc.)](https://www.reddit.com/r/bangalore/comments/131090r/what_are_some_of_the_weirdest_thingsstories_that/),Food restrictions / rules,Food/veg-only rules,2023,OP: landlords ban cooking non‑veg among other rules.
Bengaluru,Reddit,[Can a flatowner prevent me from bringing friends?](https://www.reddit.com/r/bangalore/comments/13ulsxi/can_a_flatowner_prevent_me_from_bringing_friends/),Visitor/curfew restrictions,Visitor/curfew rules,2023,OP faces rules against guests; fear of eviction.
Bengaluru,Reddit,[NoBroker accused of inflating rents](https://www.reddit.com/r/bangalore/comments/16hgwsv/nobroker_is_the_key_and_active_culprit_behind/),Broker/platform practices,Broker/platform issues,2023,OP alleges platform pushed owner not to negotiate.
Mumbai,Reddit,[Sister-in-law rejected due to her religion](https://www.reddit.com/r/mumbai/comments/1jzmzc7/sisterinlaw_rejected_from_all_rental_application/),Religious discrimination,Religion-based discrimination,2024,OP: widespread religion-based rejections.
Mumbai,Reddit,[Rejected for rental accommodation](https://www.reddit.com/r/mumbai/comments/15irpfj/got_rejected_for_a_rental_accommodation_because/),Multiple biases (unmarried/non-veg/religion),Other,2023,OP lists common grounds for denial in Mumbai.
Mumbai,Reddit,[No flats for bachelors; opposite‑gender visitor ban](https://www.reddit.com/r/mumbai/comments/xc5sl7/indian_mentality_sucks_no_flats_available_for/),No bachelors / visitor rules,Marital/Status bias ('No bachelors'),2022,OP: visitor restrictions even when allowed.
Pune,Reddit,[Society says move because I'm a bachelor](https://www.reddit.com/r/pune/comments/1bbd8fm/society_saying_have_to_move_because_of_being_a/),Eviction threat due to status,Marital/Status bias ('No bachelors'),2024,OP told to vacate after 8 months with no issues.
Pune,Reddit,[Renting denied due to religion (Baner/Balewadi)](https://www.reddit.com/r/pune/comments/1bky0ar/renting_denied_due_to_religion/),Religious discrimination,Religion-based discrimination,2023,OP alleges society owners told not to rent to Muslims.
Coimbatore,Reddit,"[Renting hard near IT park: religion, caste, language](https://www.reddit.com/r/Coimbatore/comments/1l9vdvp/renting_a_house_is_so_hard_near_it_park_religion/)",Caste/religion/language bias,Caste/Language/Regional bias,2024,OP: discrimination and pressure to follow rules.
Pan‑India,Reddit,[“No bachelors allowed” is still a thing?](https://www.reddit.com/r/AskIndia/comments/1mp2v3o/no_bachelors_allowed_is_still_a_thing_everywhere/),No bachelors / bias,Marital/Status bias ('No bachelors'),2025,OP: doors shut when they hear 'bachelor'.
Pan‑India,Reddit,[Try renting with a Muslim name](https://www.reddit.com/r/india/comments/43te73/try_renting_an_apartment_using_a_muslim_name/),Religious discrimination,Religion-based discrimination,2016–ongoing,Thread: many share first‑hand rental bias stories.
